" bug fix and enhancement,update,",,
JBoss Enterprise Application Platform 6.4 for RHEL,5,i386
JBoss Enterprise Application Platform 6.4 for RHEL,5,x86_64
JBoss Enterprise Application Platform 6.4 for RHEL,6,i386
JBoss Enterprise Application Platform 6.4 for RHEL,6,ppc64
JBoss Enterprise Application Platform 6.4 for RHEL,6,x86_64
JBoss Enterprise Application Platform 6.4 for RHEL,7,ppc64
JBoss Enterprise Application Platform 6.4 for RHEL,7,x86_64
JBoss Enterprise Application Platform 6 for RHEL,5,i386
JBoss Enterprise Application Platform 6 for RHEL,5,x86_64
JBoss Enterprise Application Platform 6 for RHEL,6,i386
JBoss Enterprise Application Platform 6 for RHEL,6,ppc64
JBoss Enterprise Application Platform 6 for RHEL,6,x86_64
JBoss Enterprise Application Platform 6 for RHEL,7,ppc64
JBoss Enterprise Application Platform 6 for RHEL,7,x86_64
JBoss Enterprise Application Platform 7.1 for RHEL,6,i386
JBoss Enterprise Application Platform 7.1 for RHEL,6,x86_64
JBoss Enterprise Application Platform 7.1 for RHEL,7,x86_64
JBoss Enterprise Application Platform Text-Only,Advisories,x86_64
JBoss Enterprise Web Server 3 for RHEL,6,i386
JBoss Enterprise Web Server 3 for RHEL,6,x86_64
JBoss Enterprise Web Server 3 for RHEL,7,x86_64
JBoss Enterprise Web Server Text-Only,Advisories,x86_64
MRG Realtime,2,x86_64
Oracle Java (Restricted Maintenance) (for RHEL Client),6,i386
Oracle Java (Restricted Maintenance) (for RHEL Client),6,x86_64
Oracle Java (Restricted Maintenance) (for RHEL Client),7,x86_64
Oracle Java (Restricted Maintenance) (for RHEL Compute Node),6,x86_64
Oracle Java (Restricted Maintenance) (for RHEL Compute Node),7,x86_64
Oracle Java (Restricted Maintenance) (for RHEL Compute Node) - Extended Update Support,7.4,x86_64
Oracle Java (Restricted Maintenance) (for RHEL Server),6,i386
Oracle Java (Restricted Maintenance) (for RHEL Server),6,x86_64
Oracle Java (Restricted Maintenance) (for RHEL Server),7,x86_64
Oracle Java (Restricted Maintenance) (for RHEL Server) - Extended Update Support,7.4,x86_64
Oracle Java (Restricted Maintenance) (for RHEL Workstation),6,i386
Oracle Java (Restricted Maintenance) (for RHEL Workstation),6,x86_64
Oracle Java (Restricted Maintenance) (for RHEL Workstation),7,x86_64
Red Hat Enterprise Linux Desktop,6,i386
Red Hat Enterprise Linux Desktop,6,x86_64
Red Hat Enterprise Linux Desktop,7,x86_64
Red Hat Enterprise Linux EUS Compute Node,6.7,x86_64
Red Hat Enterprise Linux EUS Compute Node,7.3,x86_64
Red Hat Enterprise Linux EUS Compute Node,7.4,x86_64
Red Hat Enterprise Linux EUS Compute Node,7.5,x86_64
Red Hat Enterprise Linux for ARM 64,7,aarch64
Red Hat Enterprise Linux for IBM z Systems,6,s390x
Red Hat Enterprise Linux for IBM z Systems,7,s390x
Red Hat Enterprise Linux for IBM z Systems - Extended Update Support,6.7,s390x
Red Hat Enterprise Linux for IBM z Systems - Extended Update Support,7.3,s390x
Red Hat Enterprise Linux for IBM z Systems - Extended Update Support,7.4,s390x
Red Hat Enterprise Linux for IBM z Systems - Extended Update Support,7.5,s390x
Red Hat Enterprise Linux for Power 9,7,ppc64le
Red Hat Enterprise Linux for Power big endian,6,ppc64
Red Hat Enterprise Linux for Power big endian,7,ppc64
Red Hat Enterprise Linux for Power big endian - Extended Update Support,6.7,ppc64
Red Hat Enterprise Linux for Power big endian - Extended Update Support,7.3,ppc64
Red Hat Enterprise Linux for Power big endian - Extended Update Support,7.4,ppc64
Red Hat Enterprise Linux for Power big endian - Extended Update Support,7.5,ppc64
Red Hat Enterprise Linux for Power little endian,7,ppc64le
Red Hat Enterprise Linux for Power little endian - Extended Update Support,7.3,ppc64le
Red Hat Enterprise Linux for Power little endian - Extended Update Support,7.4,ppc64le
Red Hat Enterprise Linux for Power little endian - Extended Update Support,7.5,ppc64le
Red Hat Enterprise Linux for Real Time,7,x86_64
Red Hat Enterprise Linux for Real Time for NFV,7,x86_64
Red Hat Enterprise Linux for Scientific Computing,6,x86_64
Red Hat Enterprise Linux for Scientific Computing,7,x86_64
Red Hat Enterprise Linux Server,6,i386
Red Hat Enterprise Linux Server,6,x86_64
Red Hat Enterprise Linux Server,7,x86_64
Red Hat Enterprise Linux Server - AUS,5.9,i386
Red Hat Enterprise Linux Server - AUS,5.9,ia64
Red Hat Enterprise Linux Server - AUS,5.9,x86_64
Red Hat Enterprise Linux Server - AUS,7.3,x86_64
Red Hat Enterprise Linux Server - AUS,7.4,x86_64
Red Hat Enterprise Linux Server - Extended Life Cycle Support,5,i386
Red Hat Enterprise Linux Server - Extended Life Cycle Support,5,x86_64
Red Hat Enterprise Linux Server - Extended Life Cycle Support (for IBM z Systems),5,s390x
Red Hat Enterprise Linux Server - Extended Update Support,6.7,i386
Red Hat Enterprise Linux Server - Extended Update Support,6.7,x86_64
Red Hat Enterprise Linux Server - Extended Update Support,7.3,x86_64
Red Hat Enterprise Linux Server - Extended Update Support,7.4,x86_64
Red Hat Enterprise Linux Server - Extended Update Support,7.5,x86_64
Red Hat Enterprise Linux Server (for IBM Power LE) - Update Services for SAP Solutions,7.3,ppc64le
Red Hat Enterprise Linux Server (for IBM Power LE) - Update Services for SAP Solutions,7.4,ppc64le
Red Hat Enterprise Linux Server - TUS,7.3,x86_64
Red Hat Enterprise Linux Server - TUS,7.4,x86_64
Red Hat Enterprise Linux Server - Update Services for SAP Solutions,7.3,x86_64
Red Hat Enterprise Linux Server - Update Services for SAP Solutions,7.4,x86_64
Red Hat Enterprise Linux Workstation,6,i386
Red Hat Enterprise Linux Workstation,6,x86_64
Red Hat Enterprise Linux Workstation,7,x86_64
Red Hat JBoss Core Services Text-Only,Advisories,x86_64
Red Hat JBoss Data Grid Text-Only,Advisories,x86_64
Red Hat JBoss Middleware Text-Only Advisories for MDLEWARE,1,x86_64
Red Hat Virtualization Host,4,x86_64
